Date,"AD_ACCOUNT,IMPRESSION,UNIQUE_USERS","AD_ACCOUNT,SPEND,COUNT"
2019-09-22T00:00:00,0,0.0
2019-09-23T00:00:00,0,0.0
2019-09-24T00:00:00,0,0.0
2019-09-25T00:00:00,0,0.0
2019-09-26T00:00:00,0,0.0
2019-09-27T00:00:00,0,0.0
2019-09-28T00:00:00,0,0.0
2019-09-29T00:00:00,0,0.0
2019-09-30T00:00:00,0,0.0
2019-10-01T00:00:00,0,0.0
2019-10-02T00:00:00,0,0.0
2019-10-03T00:00:00,0,0.0
2019-10-04T00:00:00,0,0.0
2019-10-05T00:00:00,0,0.0
2019-10-06T00:00:00,0,0.0
2019-10-07T00:00:00,0,0.0
2019-10-08T00:00:00,0,0.0
2019-10-09T00:00:00,0,0.0
2019-10-10T00:00:00,0,0.0
2019-10-11T00:00:00,0,0.0
2019-10-12T00:00:00,0,0.0
2019-10-13T00:00:00,0,0.0
2019-10-14T00:00:00,0,0.0
2019-10-15T00:00:00,0,0.0
2019-10-16T00:00:00,0,0.0
2019-10-17T00:00:00,0,0.0
2019-10-18T00:00:00,0,0.0
2019-10-19T00:00:00,0,0.0
2019-10-20T00:00:00,0,0.0
2019-10-21T00:00:00,0,0.0
2019-10-22T00:00:00,0,0.0
2019-10-23T00:00:00,0,0.0
2019-10-24T00:00:00,0,0.0
2019-10-25T00:00:00,0,0.0
2019-10-26T00:00:00,0,0.0
2019-10-27T00:00:00,0,0.0
2019-10-28T00:00:00,0,0.0
2019-10-29T00:00:00,0,0.0
2019-10-30T00:00:00,0,0.0
2019-10-31T00:00:00,0,0.0
2019-11-01T00:00:00,0,0.0
2019-11-02T00:00:00,0,0.0
2019-11-03T00:00:00,0,0.0
2019-11-04T00:00:00,0,0.0
2019-11-05T00:00:00,0,0.0
2019-11-06T00:00:00,0,0.0
2019-11-07T00:00:00,0,0.0
2019-11-08T00:00:00,0,0.0
2019-11-09T00:00:00,0,0.0
2019-11-10T00:00:00,0,0.0
2019-11-11T00:00:00,0,0.0
2019-11-12T00:00:00,0,0.0
2019-11-13T00:00:00,0,0.0
2019-11-14T00:00:00,0,0.0
2019-11-15T00:00:00,0,0.0
2019-11-16T00:00:00,0,0.0
2019-11-17T00:00:00,0,0.0
2019-11-18T00:00:00,0,0.0
2019-11-19T00:00:00,0,0.0
2019-11-20T00:00:00,0,0.0
2019-11-21T00:00:00,0,0.0
2019-11-22T00:00:00,0,0.0
2019-11-23T00:00:00,0,0.0
2019-11-24T00:00:00,0,0.0
2019-11-25T00:00:00,0,0.0
2019-11-26T00:00:00,0,0.0
2019-11-27T00:00:00,0,0.0
2019-11-28T00:00:00,0,0.0
2019-11-29T00:00:00,0,0.0
2019-11-30T00:00:00,0,0.0
2019-12-01T00:00:00,0,0.0
2019-12-02T00:00:00,0,0.0
2019-12-03T00:00:00,0,0.0
2019-12-04T00:00:00,0,0.0
2019-12-05T00:00:00,0,0.0
2019-12-06T00:00:00,0,0.0
2019-12-07T00:00:00,0,0.0
2019-12-08T00:00:00,0,0.0
2019-12-09T00:00:00,523,47.13
2019-12-10T00:00:00,1481,113.26
2019-12-11T00:00:00,579,49.61
2019-12-12T00:00:00,0,0.0
2019-12-13T00:00:00,0,0.0
2019-12-14T00:00:00,0,0.0
2019-12-15T00:00:00,0,0.0
2019-12-16T00:00:00,0,0.0
2019-12-17T00:00:00,0,0.0
2019-12-18T00:00:00,0,0.0
2019-12-19T00:00:00,0,0.0
2019-12-20T00:00:00,6134,279.77
2019-12-21T00:00:00,2939,322.78
2019-12-22T00:00:00,3448,318.28
2019-12-23T00:00:00,15,0.17
2019-12-24T00:00:00,0,0.0
2019-12-25T00:00:00,0,0.0
2019-12-26T00:00:00,0,0.0
2019-12-27T00:00:00,0,0.0
2019-12-28T00:00:00,0,0.0
2019-12-29T00:00:00,0,0.0
2019-12-30T00:00:00,0,0.0
2019-12-31T00:00:00,0,0.0
2020-01-01T00:00:00,0,0.0
2020-01-02T00:00:00,0,0.0
2020-01-03T00:00:00,0,0.0
2020-01-04T00:00:00,0,0.0
2020-01-05T00:00:00,0,0.0
2020-01-06T00:00:00,0,0.0
2020-01-07T00:00:00,0,0.0
2020-01-08T00:00:00,0,0.0
2020-01-09T00:00:00,0,0.0
2020-01-10T00:00:00,0,0.0
2020-01-11T00:00:00,0,0.0
2020-01-12T00:00:00,0,0.0
2020-01-13T00:00:00,0,0.0
2020-01-14T00:00:00,0,0.0
2020-01-15T00:00:00,0,0.0
2020-01-16T00:00:00,0,0.0
2020-01-17T00:00:00,0,0.0
2020-01-18T00:00:00,0,0.0
2020-01-19T00:00:00,0,0.0
2020-01-20T00:00:00,0,0.0
2020-01-21T00:00:00,0,0.0
2020-01-22T00:00:00,0,0.0
2020-01-23T00:00:00,0,0.0
2020-01-24T00:00:00,0,0.0
2020-01-25T00:00:00,5228,34.54
2020-01-26T00:00:00,14724,114.21
2020-01-27T00:00:00,12396,98.95
2020-01-28T00:00:00,2056,102.43
2020-01-29T00:00:00,2175,106.15
2020-01-30T00:00:00,173,9.36
2020-01-31T00:00:00,0,0.0
2020-02-01T00:00:00,0,0.0
2020-02-02T00:00:00,0,0.0
2020-02-03T00:00:00,0,0.0
2020-02-04T00:00:00,0,0.0
2020-02-05T00:00:00,0,0.0
2020-02-06T00:00:00,0,0.0
2020-02-07T00:00:00,0,0.0
2020-02-08T00:00:00,1579,177.07
2020-02-09T00:00:00,2543,146.14
2020-02-10T00:00:00,2257,149.25
2020-02-11T00:00:00,1566,150.51
2020-02-12T00:00:00,551,77.19
2020-02-13T00:00:00,0,0.0
2020-02-14T00:00:00,0,0.0
2020-02-15T00:00:00,0,0.0
2020-02-16T00:00:00,0,0.0
2020-02-17T00:00:00,0,0.0
2020-02-18T00:00:00,0,0.0
2020-02-19T00:00:00,0,0.0
2020-02-20T00:00:00,0,0.0
2020-02-21T00:00:00,0,0.0
2020-02-22T00:00:00,0,0.0
2020-02-23T00:00:00,0,0.0
2020-02-24T00:00:00,0,0.0
2020-02-25T00:00:00,0,0.0
2020-02-26T00:00:00,0,0.0
2020-02-27T00:00:00,0,0.0
2020-02-28T00:00:00,0,0.0
2020-02-29T00:00:00,0,0.0
2020-03-01T00:00:00,0,0.0
2020-03-02T00:00:00,0,0.0
2020-03-03T00:00:00,0,0.0
2020-03-04T00:00:00,0,0.0
2020-03-05T00:00:00,0,0.0
2020-03-06T00:00:00,0,0.0
2020-03-07T00:00:00,0,0.0
2020-03-08T00:00:00,0,0.0
2020-03-09T00:00:00,0,0.0
2020-03-10T00:00:00,0,0.0
2020-03-11T00:00:00,0,0.0
2020-03-12T00:00:00,0,0.0
2020-03-13T00:00:00,0,0.0
2020-03-14T00:00:00,0,0.0
2020-03-15T00:00:00,0,0.0
2020-03-16T00:00:00,0,0.0
2020-03-17T00:00:00,0,0.0
2020-03-18T00:00:00,0,0.0
2020-03-19T00:00:00,0,0.0
2020-03-20T00:00:00,0,0.0
2020-03-21T00:00:00,616,13.35
2020-03-22T00:00:00,21,0.65
2020-03-23T00:00:00,0,0.0
2020-03-24T00:00:00,0,0.0
2020-03-25T00:00:00,0,0.0
2020-03-26T00:00:00,0,0.0
2020-03-27T00:00:00,0,0.0
2020-03-28T00:00:00,0,0.0
2020-03-29T00:00:00,0,0.0
2020-03-30T00:00:00,0,0.0
2020-03-31T00:00:00,0,0.0
2020-04-01T00:00:00,0,0.0
2020-04-02T00:00:00,0,0.0
2020-04-03T00:00:00,0,0.0
2020-04-04T00:00:00,0,0.0
2020-04-05T00:00:00,0,0.0
2020-04-06T00:00:00,0,0.0
2020-04-07T00:00:00,0,0.0
2020-04-08T00:00:00,0,0.0
2020-04-09T00:00:00,0,0.0
2020-04-10T00:00:00,0,0.0
2020-04-11T00:00:00,0,0.0
2020-04-12T00:00:00,0,0.0
2020-04-13T00:00:00,0,0.0
2020-04-14T00:00:00,0,0.0
2020-04-15T00:00:00,0,0.0
2020-04-16T00:00:00,0,0.0
2020-04-17T00:00:00,0,0.0
2020-04-18T00:00:00,14356,84.25
2020-04-19T00:00:00,239,1.6
2020-04-20T00:00:00,0,0.0
2020-04-21T00:00:00,0,0.0
2020-04-22T00:00:00,0,0.0
2020-04-23T00:00:00,2680,92.08
2020-04-24T00:00:00,2815,99.82
2020-04-25T00:00:00,3152,105.97
2020-04-26T00:00:00,3255,97.19
2020-04-27T00:00:00,3145,99.28
2020-04-28T00:00:00,225,5.66
2020-04-29T00:00:00,0,0.0
2020-04-30T00:00:00,0,0.0
2020-05-01T00:00:00,0,0.0
2020-05-02T00:00:00,0,0.0
2020-05-03T00:00:00,0,0.0
2020-05-04T00:00:00,0,0.0
2020-05-05T00:00:00,0,0.0
2020-05-06T00:00:00,0,0.0
2020-05-07T00:00:00,0,0.0
2020-05-08T00:00:00,0,0.0
2020-05-09T00:00:00,0,0.0
2020-05-10T00:00:00,0,0.0
2020-05-11T00:00:00,0,0.0
2020-05-12T00:00:00,0,0.0
2020-05-13T00:00:00,0,0.0
2020-05-14T00:00:00,0,0.0
2020-05-15T00:00:00,0,0.0
2020-05-16T00:00:00,0,0.0
2020-05-17T00:00:00,0,0.0
2020-05-18T00:00:00,0,0.0
2020-05-19T00:00:00,0,0.0
2020-05-20T00:00:00,0,0.0
2020-05-21T00:00:00,0,0.0
2020-05-22T00:00:00,0,0.0
2020-05-23T00:00:00,0,0.0
2020-05-24T00:00:00,0,0.0
2020-05-25T00:00:00,0,0.0
2020-05-26T00:00:00,0,0.0
2020-05-27T00:00:00,0,0.0
2020-05-28T00:00:00,0,0.0
2020-05-29T00:00:00,0,0.0
2020-05-30T00:00:00,0,0.0
2020-05-31T00:00:00,0,0.0
2020-06-01T00:00:00,0,0.0
2020-06-02T00:00:00,0,0.0
2020-06-03T00:00:00,0,0.0
2020-06-04T00:00:00,0,0.0
2020-06-05T00:00:00,0,0.0
2020-06-06T00:00:00,0,0.0
2020-06-07T00:00:00,0,0.0
2020-06-08T00:00:00,0,0.0
2020-06-09T00:00:00,0,0.0
2020-06-10T00:00:00,0,0.0
2020-06-11T00:00:00,0,0.0
2020-06-12T00:00:00,0,0.0
2020-06-13T00:00:00,0,0.0
2020-06-14T00:00:00,0,0.0
2020-06-15T00:00:00,0,0.0
2020-06-16T00:00:00,0,0.0
2020-06-17T00:00:00,0,0.0
2020-06-18T00:00:00,0,0.0
2020-06-19T00:00:00,0,0.0
2020-06-20T00:00:00,0,0.0
2020-06-21T00:00:00,0,0.0
2020-06-22T00:00:00,0,0.0
2020-06-23T00:00:00,0,0.0
2020-06-24T00:00:00,0,0.0
2020-06-25T00:00:00,0,0.0
2020-06-26T00:00:00,0,0.0
2020-06-27T00:00:00,0,0.0
2020-06-28T00:00:00,0,0.0
2020-06-29T00:00:00,1409,45.46
2020-06-30T00:00:00,3953,62.22
2020-07-01T00:00:00,3909,58.26
2020-07-02T00:00:00,3204,58.23
2020-07-03T00:00:00,2879,59.15
2020-07-04T00:00:00,456,16.68
2020-07-05T00:00:00,0,0.0
2020-07-06T00:00:00,0,0.0
2020-07-07T00:00:00,0,0.0
2020-07-08T00:00:00,0,0.0
2020-07-09T00:00:00,0,0.0
2020-07-10T00:00:00,0,0.0
2020-07-11T00:00:00,0,0.0
2020-07-12T00:00:00,0,0.0
2020-07-13T00:00:00,0,0.0
2020-07-14T00:00:00,0,0.0
2020-07-15T00:00:00,0,0.0
2020-07-16T00:00:00,0,0.0
2020-07-17T00:00:00,0,0.0
2020-07-18T00:00:00,0,0.0
2020-07-19T00:00:00,0,0.0
2020-07-20T00:00:00,0,0.0
2020-07-21T00:00:00,0,0.0
2020-07-22T00:00:00,0,0.0
2020-07-23T00:00:00,0,0.0
2020-07-24T00:00:00,0,0.0
2020-07-25T00:00:00,0,0.0
2020-07-26T00:00:00,0,0.0
2020-07-27T00:00:00,0,0.0
2020-07-28T00:00:00,0,0.0
2020-07-29T00:00:00,0,0.0
2020-07-30T00:00:00,0,0.0
2020-07-31T00:00:00,0,0.0
2020-08-01T00:00:00,0,0.0
2020-08-02T00:00:00,0,0.0
2020-08-03T00:00:00,0,0.0
2020-08-04T00:00:00,0,0.0
2020-08-05T00:00:00,0,0.0
2020-08-06T00:00:00,0,0.0
2020-08-07T00:00:00,0,0.0
2020-08-08T00:00:00,0,0.0
2020-08-09T00:00:00,0,0.0
2020-08-10T00:00:00,0,0.0
2020-08-11T00:00:00,0,0.0
2020-08-12T00:00:00,0,0.0
2020-08-13T00:00:00,0,0.0
2020-08-14T00:00:00,0,0.0
2020-08-15T00:00:00,0,0.0
2020-08-16T00:00:00,0,0.0
2020-08-17T00:00:00,0,0.0
2020-08-18T00:00:00,0,0.0
2020-08-19T00:00:00,0,0.0
2020-08-20T00:00:00,0,0.0
2020-08-21T00:00:00,0,0.0
2020-08-22T00:00:00,0,0.0
2020-08-23T00:00:00,0,0.0
2020-08-24T00:00:00,0,0.0
2020-08-25T00:00:00,0,0.0
2020-08-26T00:00:00,0,0.0
2020-08-27T00:00:00,0,0.0
2020-08-28T00:00:00,0,0.0
2020-08-29T00:00:00,0,0.0
2020-08-30T00:00:00,0,0.0
2020-08-31T00:00:00,0,0.0
2020-09-01T00:00:00,0,0.0
2020-09-02T00:00:00,0,0.0
2020-09-03T00:00:00,0,0.0
2020-09-04T00:00:00,0,0.0
2020-09-05T00:00:00,0,0.0
2020-09-06T00:00:00,0,0.0
2020-09-07T00:00:00,0,0.0
2020-09-08T00:00:00,0,0.0
2020-09-09T00:00:00,0,0.0
2020-09-10T00:00:00,0,0.0
2020-09-11T00:00:00,0,0.0
2020-09-12T00:00:00,0,0.0
2020-09-13T00:00:00,0,0.0
2020-09-14T00:00:00,0,0.0
2020-09-15T00:00:00,0,0.0
2020-09-16T00:00:00,0,0.0
2020-09-17T00:00:00,0,0.0
2020-09-18T00:00:00,0,0.0
2020-09-19T00:00:00,0,0.0
2020-09-20T00:00:00,0,0.0
2020-09-21T00:00:00,0,0.0
2020-09-22T00:00:00,0,0.0
2020-09-23T00:00:00,0,0.0
2020-09-24T00:00:00,0,0.0
2020-09-25T00:00:00,0,0.0
2020-09-26T00:00:00,0,0.0
2020-09-27T00:00:00,0,0.0
2020-09-28T00:00:00,355,26.64
2020-09-29T00:00:00,2582,122.4
2020-09-30T00:00:00,1939,82.11
2020-10-01T00:00:00,0,0.0
2020-10-02T00:00:00,0,0.0
2020-10-03T00:00:00,0,0.0
2020-10-04T00:00:00,0,0.0
2020-10-05T00:00:00,0,0.0
2020-10-06T00:00:00,0,0.0
2020-10-07T00:00:00,0,0.0
2020-10-08T00:00:00,0,0.0
2020-10-09T00:00:00,0,0.0
2020-10-10T00:00:00,0,0.0
2020-10-11T00:00:00,0,0.0
2020-10-12T00:00:00,0,0.0
2020-10-13T00:00:00,0,0.0
2020-10-14T00:00:00,0,0.0
2020-10-15T00:00:00,0,0.0
2020-10-16T00:00:00,0,0.0
2020-10-17T00:00:00,0,0.0
2020-10-18T00:00:00,0,0.0
2020-10-19T00:00:00,0,0.0
2020-10-20T00:00:00,120,6.58
2020-10-21T00:00:00,1280,65.64
2020-10-22T00:00:00,1699,71.6
2020-10-23T00:00:00,1682,66.78
2020-10-24T00:00:00,1294,64.06
2020-10-25T00:00:00,871,72.07
2020-10-26T00:00:00,131,13.27
2020-10-27T00:00:00,0,0.0
2020-10-28T00:00:00,0,0.0
2020-10-29T00:00:00,0,0.0
2020-10-30T00:00:00,0,0.0
2020-10-31T00:00:00,0,0.0
2020-11-01T00:00:00,0,0.0
2020-11-02T00:00:00,0,0.0
2020-11-03T00:00:00,0,0.0
2020-11-04T00:00:00,0,0.0
2020-11-05T00:00:00,0,0.0
2020-11-06T00:00:00,0,0.0
2020-11-07T00:00:00,0,0.0
2020-11-08T00:00:00,0,0.0
2020-11-09T00:00:00,0,0.0
2020-11-10T00:00:00,0,0.0
2020-11-11T00:00:00,167,26.95
2020-11-12T00:00:00,1718,134.86
2020-11-13T00:00:00,1025,129.01
2020-11-14T00:00:00,389,49.18
2020-11-15T00:00:00,0,0.0
2020-11-16T00:00:00,0,0.0
2020-11-17T00:00:00,0,0.0
2020-11-18T00:00:00,0,0.0
2020-11-19T00:00:00,0,0.0
2020-11-20T00:00:00,0,0.0
2020-11-21T00:00:00,0,0.0
2020-11-22T00:00:00,0,0.0
2020-11-23T00:00:00,0,0.0
2020-11-24T00:00:00,0,0.0
2020-11-25T00:00:00,0,0.0
2020-11-26T00:00:00,0,0.0
2020-11-27T00:00:00,0,0.0
2020-11-28T00:00:00,0,0.0
2020-11-29T00:00:00,0,0.0
2020-11-30T00:00:00,0,0.0
2020-12-01T00:00:00,0,0.0
2020-12-02T00:00:00,0,0.0
2020-12-03T00:00:00,0,0.0
2020-12-04T00:00:00,0,0.0
2020-12-05T00:00:00,0,0.0
2020-12-06T00:00:00,0,0.0
2020-12-07T00:00:00,0,0.0
2020-12-08T00:00:00,0,0.0
2020-12-09T00:00:00,0,0.0
2020-12-10T00:00:00,0,0.0
2020-12-11T00:00:00,0,0.0
2020-12-12T00:00:00,0,0.0
2020-12-13T00:00:00,0,0.0
2020-12-14T00:00:00,0,0.0
2020-12-15T00:00:00,0,0.0
2020-12-16T00:00:00,0,0.0
2020-12-17T00:00:00,0,0.0
2020-12-18T00:00:00,0,0.0
2020-12-19T00:00:00,0,0.0
2020-12-20T00:00:00,0,0.0
2020-12-21T00:00:00,0,0.0
2020-12-22T00:00:00,0,0.0
2020-12-23T00:00:00,0,0.0
2020-12-24T00:00:00,0,0.0
2020-12-25T00:00:00,0,0.0
2020-12-26T00:00:00,0,0.0
2020-12-27T00:00:00,0,0.0
2020-12-28T00:00:00,0,0.0
2020-12-29T00:00:00,0,0.0
2020-12-30T00:00:00,0,0.0
2020-12-31T00:00:00,0,0.0
2021-01-01T00:00:00,0,0.0
2021-01-02T00:00:00,0,0.0
2021-01-03T00:00:00,0,0.0
2021-01-04T00:00:00,0,0.0
2021-01-05T00:00:00,0,0.0
2021-01-06T00:00:00,0,0.0
2021-01-07T00:00:00,0,0.0
2021-01-08T00:00:00,0,0.0
2021-01-09T00:00:00,0,0.0
2021-01-10T00:00:00,0,0.0
2021-01-11T00:00:00,0,0.0
2021-01-12T00:00:00,0,0.0
2021-01-13T00:00:00,0,0.0
2021-01-14T00:00:00,0,0.0
2021-01-15T00:00:00,0,0.0
2021-01-16T00:00:00,0,0.0
2021-01-17T00:00:00,0,0.0
2021-01-18T00:00:00,0,0.0
2021-01-19T00:00:00,0,0.0
2021-01-20T00:00:00,0,0.0
2021-01-21T00:00:00,0,0.0
2021-01-22T00:00:00,0,0.0
2021-01-23T00:00:00,0,0.0
2021-01-24T00:00:00,0,0.0
2021-01-25T00:00:00,0,0.0
2021-01-26T00:00:00,0,0.0
2021-01-27T00:00:00,0,0.0
2021-01-28T00:00:00,0,0.0
2021-01-29T00:00:00,0,0.0
2021-01-30T00:00:00,0,0.0
2021-01-31T00:00:00,0,0.0
2021-02-01T00:00:00,0,0.0
2021-02-02T00:00:00,0,0.0
2021-02-03T00:00:00,0,0.0
2021-02-04T00:00:00,0,0.0
2021-02-05T00:00:00,0,0.0
2021-02-06T00:00:00,0,0.0
2021-02-07T00:00:00,0,0.0
2021-02-08T00:00:00,0,0.0
2021-02-09T00:00:00,0,0.0
2021-02-10T00:00:00,0,0.0
2021-02-11T00:00:00,0,0.0
2021-02-12T00:00:00,0,0.0
2021-02-13T00:00:00,0,0.0
2021-02-14T00:00:00,0,0.0
2021-02-15T00:00:00,0,0.0
2021-02-16T00:00:00,0,0.0
2021-02-17T00:00:00,0,0.0
2021-02-18T00:00:00,0,0.0
2021-02-19T00:00:00,0,0.0
2021-02-20T00:00:00,0,0.0
2021-02-21T00:00:00,0,0.0
2021-02-22T00:00:00,0,0.0
2021-02-23T00:00:00,0,0.0
2021-02-24T00:00:00,0,0.0
2021-02-25T00:00:00,0,0.0
2021-02-26T00:00:00,0,0.0
2021-02-27T00:00:00,0,0.0
2021-02-28T00:00:00,0,0.0
2021-03-01T00:00:00,0,0.0
2021-03-02T00:00:00,0,0.0
2021-03-03T00:00:00,0,0.0
2021-03-04T00:00:00,0,0.0
2021-03-05T00:00:00,0,0.0
2021-03-06T00:00:00,0,0.0
2021-03-07T00:00:00,0,0.0
2021-03-08T00:00:00,0,0.0
2021-03-09T00:00:00,0,0.0
2021-03-10T00:00:00,0,0.0
2021-03-11T00:00:00,0,0.0
2021-03-12T00:00:00,0,0.0
2021-03-13T00:00:00,0,0.0
2021-03-14T00:00:00,0,0.0
2021-03-15T00:00:00,0,0.0
2021-03-16T00:00:00,0,0.0
2021-03-17T00:00:00,0,0.0
2021-03-18T00:00:00,0,0.0
2021-03-19T00:00:00,0,0.0
2021-03-20T00:00:00,0,0.0
2021-03-21T00:00:00,0,0.0
2021-03-22T00:00:00,0,0.0
2021-03-23T00:00:00,0,0.0
2021-03-24T00:00:00,0,0.0
2021-03-25T00:00:00,0,0.0
2021-03-26T00:00:00,0,0.0
2021-03-27T00:00:00,0,0.0
2021-03-28T00:00:00,0,0.0
2021-03-29T00:00:00,0,0.0
2021-03-30T00:00:00,0,0.0
2021-03-31T00:00:00,0,0.0
2021-04-01T00:00:00,0,0.0
2021-04-02T00:00:00,0,0.0
2021-04-03T00:00:00,0,0.0
2021-04-04T00:00:00,0,0.0
2021-04-05T00:00:00,2015,185.36
2021-04-06T00:00:00,2370,182.87
2021-04-07T00:00:00,2871,203.06
2021-04-08T00:00:00,4960,121.26
2021-04-09T00:00:00,5284,104.74
2021-04-10T00:00:00,5292,127.68
2021-04-11T00:00:00,5134,90.45
2021-04-12T00:00:00,4174,71.45
2021-04-13T00:00:00,0,0.0
2021-04-14T00:00:00,0,0.0
2021-04-15T00:00:00,0,0.0
2021-04-16T00:00:00,0,0.0
2021-04-17T00:00:00,0,0.0
2021-04-18T00:00:00,0,0.0
2021-04-19T00:00:00,33,6.58
2021-04-20T00:00:00,516,62.35
2021-04-21T00:00:00,519,51.07
2021-04-22T00:00:00,0,0.0
2021-04-23T00:00:00,0,0.0
2021-04-24T00:00:00,0,0.0
2021-04-25T00:00:00,0,0.0
2021-04-26T00:00:00,0,0.0
2021-04-27T00:00:00,0,0.0
2021-04-28T00:00:00,0,0.0
2021-04-29T00:00:00,0,0.0
2021-04-30T00:00:00,0,0.0
2021-05-01T00:00:00,0,0.0
2021-05-02T00:00:00,0,0.0
2021-05-03T00:00:00,0,0.0
2021-05-04T00:00:00,0,0.0
2021-05-05T00:00:00,0,0.0
2021-05-06T00:00:00,0,0.0
2021-05-07T00:00:00,0,0.0
2021-05-08T00:00:00,0,0.0
2021-05-09T00:00:00,0,0.0
2021-05-10T00:00:00,0,0.0
2021-05-11T00:00:00,0,0.0
2021-05-12T00:00:00,0,0.0
2021-05-13T00:00:00,0,0.0
2021-05-14T00:00:00,0,0.0
2021-05-15T00:00:00,0,0.0
2021-05-16T00:00:00,0,0.0
2021-05-17T00:00:00,0,0.0
2021-05-18T00:00:00,0,0.0
2021-05-19T00:00:00,0,0.0
2021-05-20T00:00:00,0,0.0
2021-05-21T00:00:00,0,0.0
2021-05-22T00:00:00,0,0.0
2021-05-23T00:00:00,0,0.0
2021-05-24T00:00:00,0,0.0
2021-05-25T00:00:00,0,0.0
2021-05-26T00:00:00,0,0.0
2021-05-27T00:00:00,0,0.0
2021-05-28T00:00:00,0,0.0
2021-05-29T00:00:00,0,0.0
2021-05-30T00:00:00,0,0.0
2021-05-31T00:00:00,0,0.0
2021-06-01T00:00:00,0,0.0
2021-06-02T00:00:00,0,0.0
2021-06-03T00:00:00,0,0.0
2021-06-04T00:00:00,0,0.0
2021-06-05T00:00:00,0,0.0
2021-06-06T00:00:00,0,0.0
2021-06-07T00:00:00,0,0.0
2021-06-08T00:00:00,0,0.0
2021-06-09T00:00:00,0,0.0
2021-06-10T00:00:00,0,0.0
2021-06-11T00:00:00,0,0.0
2021-06-12T00:00:00,0,0.0
2021-06-13T00:00:00,0,0.0
2021-06-14T00:00:00,0,0.0
2021-06-15T00:00:00,0,0.0
2021-06-16T00:00:00,0,0.0
2021-06-17T00:00:00,0,0.0
2021-06-18T00:00:00,0,0.0
2021-06-19T00:00:00,0,0.0
2021-06-20T00:00:00,0,0.0
2021-06-21T00:00:00,0,0.0
2021-06-22T00:00:00,0,0.0
2021-06-23T00:00:00,0,0.0
2021-06-24T00:00:00,0,0.0
2021-06-25T00:00:00,0,0.0
2021-06-26T00:00:00,0,0.0
2021-06-27T00:00:00,0,0.0
2021-06-28T00:00:00,0,0.0
2021-06-29T00:00:00,0,0.0
2021-06-30T00:00:00,0,0.0
2021-07-01T00:00:00,0,0.0
2021-07-02T00:00:00,0,0.0
2021-07-03T00:00:00,0,0.0
2021-07-04T00:00:00,0,0.0
2021-07-05T00:00:00,0,0.0
2021-07-06T00:00:00,0,0.0
2021-07-07T00:00:00,0,0.0
2021-07-08T00:00:00,0,0.0
2021-07-09T00:00:00,0,0.0
2021-07-10T00:00:00,0,0.0
2021-07-11T00:00:00,0,0.0
2021-07-12T00:00:00,0,0.0
2021-07-13T00:00:00,0,0.0
2021-07-14T00:00:00,0,0.0
2021-07-15T00:00:00,0,0.0
2021-07-16T00:00:00,0,0.0
2021-07-17T00:00:00,0,0.0
2021-07-18T00:00:00,0,0.0
2021-07-19T00:00:00,0,0.0
2021-07-20T00:00:00,0,0.0
2021-07-21T00:00:00,0,0.0
2021-07-22T00:00:00,0,0.0
2021-07-23T00:00:00,0,0.0
2021-07-24T00:00:00,0,0.0
2021-07-25T00:00:00,0,0.0
2021-07-26T00:00:00,0,0.0
2021-07-27T00:00:00,0,0.0
2021-07-28T00:00:00,0,0.0
2021-07-29T00:00:00,0,0.0
2021-07-30T00:00:00,0,0.0
2021-07-31T00:00:00,0,0.0
2021-08-01T00:00:00,0,0.0
2021-08-02T00:00:00,0,0.0
2021-08-03T00:00:00,0,0.0
2021-08-04T00:00:00,0,0.0
2021-08-05T00:00:00,0,0.0
2021-08-06T00:00:00,0,0.0
2021-08-07T00:00:00,0,0.0
2021-08-08T00:00:00,0,0.0
2021-08-09T00:00:00,0,0.0
2021-08-10T00:00:00,0,0.0
2021-08-11T00:00:00,0,0.0
2021-08-12T00:00:00,0,0.0
2021-08-13T00:00:00,0,0.0
2021-08-14T00:00:00,0,0.0
2021-08-15T00:00:00,0,0.0
2021-08-16T00:00:00,0,0.0
2021-08-17T00:00:00,0,0.0
2021-08-18T00:00:00,0,0.0
2021-08-19T00:00:00,0,0.0
2021-08-20T00:00:00,0,0.0
2021-08-21T00:00:00,0,0.0
2021-08-22T00:00:00,0,0.0
2021-08-23T00:00:00,0,0.0
2021-08-24T00:00:00,0,0.0
2021-08-25T00:00:00,0,0.0
2021-08-26T00:00:00,0,0.0
2021-08-27T00:00:00,0,0.0
2021-08-28T00:00:00,0,0.0
2021-08-29T00:00:00,0,0.0
2021-08-30T00:00:00,0,0.0
2021-08-31T00:00:00,0,0.0
2021-09-01T00:00:00,0,0.0
2021-09-02T00:00:00,0,0.0
2021-09-03T00:00:00,0,0.0
2021-09-04T00:00:00,0,0.0
2021-09-05T00:00:00,0,0.0
2021-09-06T00:00:00,0,0.0
2021-09-07T00:00:00,0,0.0
2021-09-08T00:00:00,0,0.0
2021-09-09T00:00:00,0,0.0
2021-09-10T00:00:00,0,0.0
2021-09-11T00:00:00,0,0.0
2021-09-12T00:00:00,0,0.0
2021-09-13T00:00:00,0,0.0
2021-09-14T00:00:00,0,0.0
2021-09-15T00:00:00,0,0.0
2021-09-16T00:00:00,0,0.0
2021-09-17T00:00:00,0,0.0
2021-09-18T00:00:00,0,0.0
2021-09-19T00:00:00,0,0.0
2021-09-20T00:00:00,0,0.0
2021-09-21T00:00:00,0,0.0
2021-09-22T00:00:00,0,0.0
2021-09-23T00:00:00,0,0.0
2021-09-24T00:00:00,0,0.0
2021-09-25T00:00:00,0,0.0
2021-09-26T00:00:00,0,0.0
2021-09-27T00:00:00,0,0.0
2021-09-28T00:00:00,0,0.0
2021-09-29T00:00:00,0,0.0
2021-09-30T00:00:00,0,0.0
2021-10-01T00:00:00,0,0.0
2021-10-02T00:00:00,0,0.0
2021-10-03T00:00:00,0,0.0
2021-10-04T00:00:00,0,0.0
2021-10-05T00:00:00,0,0.0
2021-10-06T00:00:00,0,0.0
2021-10-07T00:00:00,0,0.0
2021-10-08T00:00:00,0,0.0
2021-10-09T00:00:00,0,0.0
2021-10-10T00:00:00,0,0.0
2021-10-11T00:00:00,0,0.0
2021-10-12T00:00:00,0,0.0
2021-10-13T00:00:00,0,0.0
2021-10-14T00:00:00,0,0.0
2021-10-15T00:00:00,0,0.0
2021-10-16T00:00:00,0,0.0
2021-10-17T00:00:00,0,0.0
2021-10-18T00:00:00,0,0.0
2021-10-19T00:00:00,0,0.0
2021-10-20T00:00:00,0,0.0
2021-10-21T00:00:00,0,0.0
2021-10-22T00:00:00,0,0.0
2021-10-23T00:00:00,0,0.0
2021-10-24T00:00:00,0,0.0
2021-10-25T00:00:00,0,0.0
2021-10-26T00:00:00,0,0.0
2021-10-27T00:00:00,0,0.0
2021-10-28T00:00:00,0,0.0
2021-10-29T00:00:00,0,0.0
2021-10-30T00:00:00,0,0.0
2021-10-31T00:00:00,0,0.0
2021-11-01T00:00:00,0,0.0
2021-11-02T00:00:00,0,0.0
2021-11-03T00:00:00,0,0.0
2021-11-04T00:00:00,0,0.0
2021-11-05T00:00:00,0,0.0
2021-11-06T00:00:00,0,0.0
2021-11-07T00:00:00,0,0.0
2021-11-08T00:00:00,0,0.0
2021-11-09T00:00:00,0,0.0
2021-11-10T00:00:00,3689,143.13
2021-11-11T00:00:00,6595,274.76
2021-11-12T00:00:00,10912,462.34
2021-11-13T00:00:00,13026,475.9
2021-11-14T00:00:00,14428,403.28
2021-11-15T00:00:00,14212,400.59
2021-11-16T00:00:00,0,0.0
2021-11-17T00:00:00,0,0.0
2021-11-18T00:00:00,0,0.0
2021-11-19T00:00:00,0,0.0
2021-11-20T00:00:00,0,0.0
2021-11-21T00:00:00,0,0.0
2021-11-22T00:00:00,0,0.0
2021-11-23T00:00:00,0,0.0
2021-11-24T00:00:00,0,0.0
2021-11-25T00:00:00,0,0.0
2021-11-26T00:00:00,0,0.0
2021-11-27T00:00:00,0,0.0
2021-11-28T00:00:00,0,0.0
2021-11-29T00:00:00,0,0.0
2021-11-30T00:00:00,0,0.0
2021-12-01T00:00:00,0,0.0
2021-12-02T00:00:00,0,0.0
2021-12-03T00:00:00,3138,139.53
2021-12-04T00:00:00,4574,152.47
2021-12-05T00:00:00,5878,152.29
2021-12-06T00:00:00,4982,143.07
2021-12-07T00:00:00,3926,145.91
2021-12-08T00:00:00,4370,158.36
2021-12-09T00:00:00,239,8.37
2021-12-10T00:00:00,0,0.0
2021-12-11T00:00:00,0,0.0
2021-12-12T00:00:00,0,0.0
2021-12-13T00:00:00,0,0.0
2021-12-14T00:00:00,0,0.0
2021-12-15T00:00:00,0,0.0
2021-12-16T00:00:00,0,0.0
2021-12-17T00:00:00,0,0.0
2021-12-18T00:00:00,0,0.0
2021-12-19T00:00:00,0,0.0
2021-12-20T00:00:00,0,0.0
2021-12-21T00:00:00,0,0.0
2021-12-22T00:00:00,0,0.0
2021-12-23T00:00:00,0,0.0
2021-12-24T00:00:00,0,0.0
2021-12-25T00:00:00,0,0.0
2021-12-26T00:00:00,0,0.0
2021-12-27T00:00:00,0,0.0
2021-12-28T00:00:00,0,0.0
2021-12-29T00:00:00,0,0.0
2021-12-30T00:00:00,0,0.0
2021-12-31T00:00:00,0,0.0
2022-01-01T00:00:00,333,24.87
2022-01-02T00:00:00,2225,87.73
2022-01-03T00:00:00,1793,92.76
2022-01-04T00:00:00,1082,58.77
2022-01-05T00:00:00,0,0.0
2022-01-06T00:00:00,0,0.0
2022-01-07T00:00:00,0,0.0
2022-01-08T00:00:00,0,0.0
2022-01-09T00:00:00,0,0.0
2022-01-10T00:00:00,0,0.0
2022-01-11T00:00:00,0,0.0
2022-01-12T00:00:00,0,0.0
2022-01-13T00:00:00,0,0.0
2022-01-14T00:00:00,0,0.0
2022-01-15T00:00:00,0,0.0
2022-01-16T00:00:00,0,0.0
2022-01-17T00:00:00,0,0.0
2022-01-18T00:00:00,0,0.0
2022-01-19T00:00:00,0,0.0
2022-01-20T00:00:00,0,0.0
2022-01-21T00:00:00,0,0.0
2022-01-22T00:00:00,0,0.0
2022-01-23T00:00:00,0,0.0
2022-01-24T00:00:00,0,0.0
2022-01-25T00:00:00,0,0.0
2022-01-26T00:00:00,0,0.0
2022-01-27T00:00:00,0,0.0
2022-01-28T00:00:00,0,0.0
2022-01-29T00:00:00,0,0.0
2022-01-30T00:00:00,0,0.0
2022-01-31T00:00:00,0,0.0
2022-02-01T00:00:00,0,0.0
2022-02-02T00:00:00,0,0.0
2022-02-03T00:00:00,0,0.0
2022-02-04T00:00:00,0,0.0
2022-02-05T00:00:00,0,0.0
2022-02-06T00:00:00,0,0.0
2022-02-07T00:00:00,0,0.0
2022-02-08T00:00:00,0,0.0
2022-02-09T00:00:00,0,0.0
2022-02-10T00:00:00,0,0.0
2022-02-11T00:00:00,0,0.0
2022-02-12T00:00:00,0,0.0
2022-02-13T00:00:00,0,0.0
2022-02-14T00:00:00,0,0.0
2022-02-15T00:00:00,0,0.0
2022-02-16T00:00:00,0,0.0
2022-02-17T00:00:00,0,0.0
2022-02-18T00:00:00,0,0.0
2022-02-19T00:00:00,0,0.0
2022-02-20T00:00:00,0,0.0
2022-02-21T00:00:00,0,0.0
2022-02-22T00:00:00,0,0.0
2022-02-23T00:00:00,0,0.0
2022-02-24T00:00:00,0,0.0
2022-02-25T00:00:00,0,0.0
2022-02-26T00:00:00,0,0.0
2022-02-27T00:00:00,0,0.0
2022-02-28T00:00:00,0,0.0
2022-03-01T00:00:00,0,0.0
2022-03-02T00:00:00,0,0.0
2022-03-03T00:00:00,0,0.0
2022-03-04T00:00:00,0,0.0
2022-03-05T00:00:00,0,0.0
2022-03-06T00:00:00,0,0.0
2022-03-07T00:00:00,0,0.0
2022-03-08T00:00:00,0,0.0
2022-03-09T00:00:00,0,0.0
2022-03-10T00:00:00,0,0.0
2022-03-11T00:00:00,0,0.0
2022-03-12T00:00:00,0,0.0
2022-03-13T00:00:00,0,0.0
2022-03-14T00:00:00,0,0.0
2022-03-15T00:00:00,0,0.0
2022-03-16T00:00:00,0,0.0
2022-03-17T00:00:00,0,0.0
2022-03-18T00:00:00,0,0.0
2022-03-19T00:00:00,0,0.0
2022-03-20T00:00:00,0,0.0
2022-03-21T00:00:00,0,0.0
2022-03-22T00:00:00,0,0.0
2022-03-23T00:00:00,0,0.0
2022-03-24T00:00:00,0,0.0
2022-03-25T00:00:00,0,0.0
2022-03-26T00:00:00,0,0.0
2022-03-27T00:00:00,0,0.0
2022-03-28T00:00:00,0,0.0
2022-03-29T00:00:00,0,0.0
2022-03-30T00:00:00,0,0.0
2022-03-31T00:00:00,0,0.0
2022-04-01T00:00:00,0,0.0
2022-04-02T00:00:00,0,0.0
2022-04-03T00:00:00,0,0.0
2022-04-04T00:00:00,0,0.0
2022-04-05T00:00:00,0,0.0
2022-04-06T00:00:00,0,0.0
2022-04-07T00:00:00,0,0.0
2022-04-08T00:00:00,0,0.0
2022-04-09T00:00:00,0,0.0
2022-04-10T00:00:00,0,0.0
2022-04-11T00:00:00,0,0.0
2022-04-12T00:00:00,0,0.0
2022-04-13T00:00:00,0,0.0
2022-04-14T00:00:00,0,0.0
2022-04-15T00:00:00,0,0.0
2022-04-16T00:00:00,0,0.0
2022-04-17T00:00:00,0,0.0
2022-04-18T00:00:00,0,0.0
2022-04-19T00:00:00,0,0.0
2022-04-20T00:00:00,0,0.0
2022-04-21T00:00:00,0,0.0
2022-04-22T00:00:00,0,0.0
2022-04-23T00:00:00,0,0.0
2022-04-24T00:00:00,0,0.0
2022-04-25T00:00:00,0,0.0
2022-04-26T00:00:00,0,0.0
2022-04-27T00:00:00,0,0.0
2022-04-28T00:00:00,0,0.0
2022-04-29T00:00:00,0,0.0
2022-04-30T00:00:00,0,0.0
2022-05-01T00:00:00,0,0.0
2022-05-02T00:00:00,0,0.0
2022-05-03T00:00:00,0,0.0
2022-05-04T00:00:00,0,0.0
2022-05-05T00:00:00,0,0.0
2022-05-06T00:00:00,0,0.0
2022-05-07T00:00:00,0,0.0
2022-05-08T00:00:00,0,0.0
2022-05-09T00:00:00,0,0.0
2022-05-10T00:00:00,0,0.0
2022-05-11T00:00:00,0,0.0
2022-05-12T00:00:00,0,0.0
2022-05-13T00:00:00,0,0.0
2022-05-14T00:00:00,0,0.0
2022-05-15T00:00:00,0,0.0
2022-05-16T00:00:00,0,0.0
2022-05-17T00:00:00,0,0.0
2022-05-18T00:00:00,0,0.0
2022-05-19T00:00:00,0,0.0
2022-05-20T00:00:00,0,0.0
2022-05-21T00:00:00,0,0.0
2022-05-22T00:00:00,0,0.0
2022-05-23T00:00:00,0,0.0
2022-05-24T00:00:00,0,0.0
2022-05-25T00:00:00,0,0.0
2022-05-26T00:00:00,0,0.0
2022-05-27T00:00:00,0,0.0
2022-05-28T00:00:00,0,0.0
2022-05-29T00:00:00,0,0.0
2022-05-30T00:00:00,0,0.0
2022-05-31T00:00:00,0,0.0
2022-06-01T00:00:00,0,0.0
2022-06-02T00:00:00,0,0.0
2022-06-03T00:00:00,0,0.0
2022-06-04T00:00:00,0,0.0
2022-06-05T00:00:00,0,0.0
2022-06-06T00:00:00,0,0.0
2022-06-07T00:00:00,0,0.0
2022-06-08T00:00:00,0,0.0
2022-06-09T00:00:00,0,0.0
2022-06-10T00:00:00,0,0.0
2022-06-11T00:00:00,0,0.0
2022-06-12T00:00:00,0,0.0
2022-06-13T00:00:00,0,0.0
2022-06-14T00:00:00,0,0.0
2022-06-15T00:00:00,0,0.0
2022-06-16T00:00:00,0,0.0
2022-06-17T00:00:00,0,0.0
2022-06-18T00:00:00,0,0.0
2022-06-19T00:00:00,0,0.0
2022-06-20T00:00:00,0,0.0
2022-06-21T00:00:00,0,0.0
2022-06-22T00:00:00,0,0.0
2022-06-23T00:00:00,0,0.0
2022-06-24T00:00:00,0,0.0
2022-06-25T00:00:00,0,0.0
2022-06-26T00:00:00,0,0.0
2022-06-27T00:00:00,0,0.0
2022-06-28T00:00:00,0,0.0
2022-06-29T00:00:00,0,0.0
2022-06-30T00:00:00,0,0.0
2022-07-01T00:00:00,0,0.0
2022-07-02T00:00:00,0,0.0
2022-07-03T00:00:00,0,0.0
2022-07-04T00:00:00,0,0.0
2022-07-05T00:00:00,0,0.0
2022-07-06T00:00:00,0,0.0
2022-07-07T00:00:00,0,0.0
2022-07-08T00:00:00,0,0.0
2022-07-09T00:00:00,0,0.0
2022-07-10T00:00:00,0,0.0
2022-07-11T00:00:00,0,0.0
2022-07-12T00:00:00,0,0.0
2022-07-13T00:00:00,0,0.0
2022-07-14T00:00:00,0,0.0
2022-07-15T00:00:00,0,0.0
2022-07-16T00:00:00,0,0.0
2022-07-17T00:00:00,0,0.0
2022-07-18T00:00:00,0,0.0
2022-07-19T00:00:00,0,0.0
2022-07-20T00:00:00,0,0.0
2022-07-21T00:00:00,0,0.0
2022-07-22T00:00:00,0,0.0
2022-07-23T00:00:00,0,0.0
2022-07-24T00:00:00,0,0.0
2022-07-25T00:00:00,0,0.0
2022-07-26T00:00:00,297,14.76
2022-07-27T00:00:00,4812,178.95
2022-07-28T00:00:00,4274,148.51
2022-07-29T00:00:00,3655,204.84
2022-07-30T00:00:00,4713,311.49
2022-07-31T00:00:00,7458,391.06
2022-08-01T00:00:00,1781,180.47
2022-08-02T00:00:00,3874,281.54
2022-08-03T00:00:00,6760,349.41
2022-08-04T00:00:00,8776,356.11
2022-08-05T00:00:00,7806,325.43
2022-08-06T00:00:00,12016,357.02
2022-08-07T00:00:00,2603,81.41
2022-08-08T00:00:00,0,0.0
2022-08-09T00:00:00,0,0.0
2022-08-10T00:00:00,0,0.0
2022-08-11T00:00:00,0,0.0
2022-08-12T00:00:00,0,0.0
2022-08-13T00:00:00,1114,137.97
2022-08-14T00:00:00,2402,212.94
2022-08-15T00:00:00,1976,194.87
2022-08-16T00:00:00,2902,218.97
2022-08-17T00:00:00,6582,352.73
2022-08-18T00:00:00,2217,185.72
2022-08-19T00:00:00,3348,167.78
2022-08-20T00:00:00,3665,178.97
2022-08-21T00:00:00,0,0.0
2022-08-22T00:00:00,0,0.0
2022-08-23T00:00:00,750,125.94
2022-08-24T00:00:00,3742,387.03
2022-08-25T00:00:00,3360,376.17
2022-08-26T00:00:00,4289,386.39
2022-08-27T00:00:00,2278,255.52
2022-08-28T00:00:00,0,0.0
2022-08-29T00:00:00,0,0.0
2022-08-30T00:00:00,0,0.0
2022-08-31T00:00:00,0,0.0
2022-09-01T00:00:00,0,0.0
2022-09-02T00:00:00,1076,161.75
2022-09-03T00:00:00,4596,465.27
2022-09-04T00:00:00,4464,585.55
2022-09-05T00:00:00,6936,1039.36
2022-09-06T00:00:00,7192,1074.69
2022-09-07T00:00:00,7890,1182.21
2022-09-08T00:00:00,75,6.71
2022-09-09T00:00:00,0,0.0
2022-09-10T00:00:00,0,0.0
2022-09-11T00:00:00,0,0.0
2022-09-12T00:00:00,0,0.0
2022-09-13T00:00:00,0,0.0
2022-09-14T00:00:00,0,0.0
2022-09-15T00:00:00,0,0.0
2022-09-16T00:00:00,0,0.0
2022-09-17T00:00:00,0,0.0
2022-09-18T00:00:00,0,0.0
